Date,Mood,Note
2025-07-29,ðŸ˜” Sad,"i didn't crack the interview

"
2025-07-29,iam happy,
2025-07-29,iam happy,
2025-07-29,iam happy,
2025-07-29,iam happy,
2025-07-29,iam happy,
2025-07-29,iam happy,
2025-07-29,iam happy,
2025-07-29,iam happy,
2025-07-29,iam happy,
2025-07-29,iam happy,
2025-07-29,iam happy,
2025-07-29,iam happy,
2025-07-29,iam happy,
2025-07-29,iam happy,
2025-07-29,iam happy,
2025-07-29,iam happy,
2025-07-29,iam happy,
2025-07-29,iam happy,
2025-07-29,iam happy,
2025-07-29,iam happy,
2025-07-29,iam happy,
2025-07-29,iam happy,
2025-07-29,iam happy,
2025-07-29,iam happy,
2025-07-29,iam happy,
2025-07-29,iam happy,
2025-07-29,iam happy,
2025-07-29,iam happy,
2025-07-29,iam happy,
2025-07-29,iam happy,
2025-07-29,i am happy,
2025-07-29,i am happy,
2025-07-29,i am happy,
2025-07-29,i am happy,
2025-07-29,i am happy,
2025-07-29,i am happy,
2025-07-29,i am happy,
2025-07-29,i am happy,
2025-07-29,i am happy,
2025-07-29,i am happy,
2025-07-29,i am happy,
2025-07-29,i am happy,
2025-07-29,i am happy,
2025-07-29,i am happy,
2025-07-29,i am happy,
2025-07-29,"i am stressed , i want commit suicide",
2025-07-29,"i am stressed , i want commit suicide",
2025-07-29,"i am stressed , i want commit suicide",
2025-07-29,"i am stressed , i want commit suicide",
2025-07-29,"i am stressed , i want commit suicide",
2025-07-29,"i am stressed , i want commit suicide",
2025-07-29,"i am stressed , i want commit suicide",
2025-07-29,"i am stressed , i want commit suicide",
2025-07-29,"i am stressed , i want commit suicide",
2025-07-29,"i am stressed , i want commit suicide",
2025-07-29,"i am stressed , i want commit suicide",
2025-07-29,"i am stressed , i want commit suicide",
2025-07-29,"i am stressed , i want commit suicide",
2025-07-29,"i am stressed , i want commit suicide",
2025-07-29,i am happy,
2025-07-29,i am happy,
2025-07-29,i am happy,
2025-07-29,i am happy,
2025-07-29,i am happy,
2025-07-29,iam happy,
2025-07-29,iam happy,
2025-07-29,iam happy,
2025-07-29,iam happy,
2025-07-29,iam happy,
2025-07-29,iam happy,
2025-07-29,iam happy,
2025-07-29,iam happy,
2025-07-29,iam happy,
2025-07-29,iam happy,
2025-07-29,iam happy,
2025-07-29,iam happy,
2025-07-29,iam happy,
2025-07-29,iam happy,
2025-07-29,iam happy,
2025-07-29,iam happy,
2025-07-29,iam happy,
2025-07-29,iam happy,
2025-07-29,iam happy,
2025-07-29,iam happy,
2025-07-29,iam happy,
2025-07-29,iam happy,
2025-07-29,iam happy,
2025-07-29,iam happy,
2025-07-29,i am happy,
2025-07-29,i am happy,
2025-07-29,i am happy,
2025-07-29,i am happy,
2025-07-29,i am happy,
2025-07-29,i am happy,
2025-07-29,i am happy,
2025-07-29,i am happy,
2025-07-29,i am happy,
